{"cameraMode":{"drawMode":0,"name":"Shaded","section":"Shading Mode"},"sceneLighting":false,"audioPlay":false,"sceneViewState":{"showFog":true,"showMaterialUpdate":false,"showSkybox":true,"showFlares":true,"showImageEffects":true,"showParticleSystems":true},"in2DMode":false,"pivot":{"x":-4.055681228637695,"y":5.288883686065674,"z":-2.1073904037475588},"rotation":{"x":0.27882108092308047,"y":0.6802687644958496,"z":-0.3163869380950928,"w":0.5995729565620422},"size":4.299037933349609,"orthographic":false}